,mean_fit_time,std_fit_time,mean_score_time,std_score_time,param_C,param_class_weight,param_penalty,param_solver,params,split0_test_score,split1_test_score,split2_test_score,mean_test_score,std_test_score,rank_test_score,split0_train_score,split1_train_score,split2_train_score,mean_train_score,std_train_score
0,0.0004973411560058594,0.0003726371798884734,0.0,0.0,1e-05,auto,l1,newton-cg,"{'C': 1e-05, 'class_weight': 'auto', 'penalty': 'l1', 'solver': 'newton-cg'}",,,,,,240,,,,,
1,0.0008061726888020834,0.0002728310334162878,0.0,0.0,1e-05,auto,l1,sag,"{'C': 1e-05, 'class_weight': 'auto', 'penalty': 'l1', 'solver': 'sag'}",,,,,,142,,,,,
2,0.0033229192097981772,0.00045782725954367004,0.0,0.0,1e-05,auto,l1,saga,"{'C': 1e-05, 'class_weight': 'auto', 'penalty': 'l1', 'solver': 'saga'}",,,,,,141,,,,,
3,0.000999768575032552,8.104673248279548e-07,0.0,0.0,1e-05,auto,l1,lbfgs,"{'C': 1e-05, 'class_weight': 'auto', 'penalty': 'l1', 'solver': 'lbfgs'}",,,,,,138,,,,,
4,0.003395716349283854,0.0005592606157206588,0.0,0.0,1e-05,auto,l2,newton-cg,"{'C': 1e-05, 'class_weight': 'auto', 'penalty': 'l2', 'solver': 'newton-cg'}",,,,,,159,,,,,
5,0.002002080281575521,1.5734823444067105e-06,0.0,0.0,1e-05,auto,l2,sag,"{'C': 1e-05, 'class_weight': 'auto', 'penalty': 'l2', 'solver': 'sag'}",,,,,,156,,,,,
6,0.0023217201232910156,0.00045434312078085695,0.0,0.0,1e-05,auto,l2,saga,"{'C': 1e-05, 'class_weight': 'auto', 'penalty': 'l2', 'solver': 'saga'}",,,,,,152,,,,,
7,0.0019895235697428384,1.3937917417050721e-05,0.0,0.0,1e-05,auto,l2,lbfgs,"{'C': 1e-05, 'class_weight': 'auto', 'penalty': 'l2', 'solver': 'lbfgs'}",,,,,,99,,,,,
8,0.002331892649332682,0.0004702464780789008,0.0,0.0,1e-05,auto,none,newton-cg,"{'C': 1e-05, 'class_weight': 'auto', 'penalty': 'none', 'solver': 'newton-cg'}",,,,,,96,,,,,
9,0.002384821573893229,0.0004364257716431393,0.0,0.0,1e-05,auto,none,sag,"{'C': 1e-05, 'class_weight': 'auto', 'penalty': 'none', 'solver': 'sag'}",,,,,,95,,,,,
10,0.0023434956868489585,0.0004866556497405212,0.0,0.0,1e-05,auto,none,saga,"{'C': 1e-05, 'class_weight': 'auto', 'penalty': 'none', 'solver': 'saga'}",,,,,,94,,,,,
11,0.0023336410522460938,0.00046968484287933463,0.0,0.0,1e-05,auto,none,lbfgs,"{'C': 1e-05, 'class_weight': 'auto', 'penalty': 'none', 'solver': 'lbfgs'}",,,,,,92,,,,,
12,0.0006667772928873698,0.00047148274534186793,0.0,0.0,1e-05,balanced,l1,newton-cg,"{'C': 1e-05, 'class_weight': 'balanced', 'penalty': 'l1', 'solver': 'newton-cg'}",,,,,,98,,,,,
13,0.00033283233642578125,0.00047069600416966455,0.0,0.0,1e-05,balanced,l1,sag,"{'C': 1e-05, 'class_weight': 'balanced', 'penalty': 'l1', 'solver': 'sag'}",,,,,,110,,,,,
14,0.003030061721801758,0.0008548733017086758,0.0016379356384277344,0.0005128437763450459,1e-05,balanced,l1,saga,"{'C': 1e-05, 'class_weight': 'balanced', 'penalty': 'l1', 'solver': 'saga'}",0.09316770186335403,0.024844720496894408,0.025,0.04767080745341615,0.0321712250170117,90,0.09657320872274143,0.024922118380062305,0.024844720496894408,0.04878001586656605,0.033794905534698175
15,0.0006679693857828776,0.00047765472313086583,0.0,0.0,1e-05,balanced,l1,lbfgs,"{'C': 1e-05, 'class_weight': 'balanced', 'penalty': 'l1', 'solver': 'lbfgs'}",,,,,,164,,,,,
16,0.04565564791361491,0.002482683442904536,0.0016669432322184246,0.0004711457314195873,1e-05,balanced,l2,newton-cg,"{'C': 1e-05, 'class_weight': 'balanced', 'penalty': 'l2', 'solver': 'newton-cg'}",0.4409937888198758,0.43478260869565216,0.48125,0.45234213250517596,0.020597625946657306,85,0.4766355140186916,0.4423676012461059,0.5031055900621118,0.47403623510896975,0.024864204652353904
17,0.006322383880615234,0.0004556982229779564,0.0020004908243815103,2.9736021254650284e-07,1e-05,balanced,l2,sag,"{'C': 1e-05, 'class_weight': 'balanced', 'penalty': 'l2', 'solver': 'sag'}",0.45962732919254656,0.4782608695652174,0.46875,0.46887939958592134,0.007607661265444461,76,0.4797507788161994,0.4766355140186916,0.5031055900621118,0.4864972942990009,0.011812502834027797
18,0.006998141606648763,0.000817897506125969,0.0013349850972493489,0.00047182188791582494,1e-05,balanced,l2,saga,"{'C': 1e-05, 'class_weight': 'balanced', 'penalty': 'l2', 'solver': 'saga'}",0.45962732919254656,0.4782608695652174,0.46875,0.46887939958592134,0.007607661265444461,76,0.4797507788161994,0.4797507788161994,0.5031055900621118,0.4875357158981702,0.011009563603544322
19,0.025667826334635418,0.0020659575187799684,0.0013301372528076172,0.0004680018852912577,1e-05,balanced,l2,lbfgs,"{'C': 1e-05, 'class_weight': 'balanced', 'penalty': 'l2', 'solver': 'lbfgs'}",0.4472049689440994,0.453416149068323,0.48125,0.46062370600414076,0.014803776379392767,79,0.48286604361370716,0.4392523364485981,0.5031055900621118,0.47507465670813903,0.02664380830752387
20,3.9186906019846597,3.0400835834059996,0.0013330777486165364,0.00047013408649250444,1e-05,balanced,none,newton-cg,"{'C': 1e-05, 'class_weight': 'balanced', 'penalty': 'none', 'solver': 'newton-cg'}",0.5714285714285714,0.5714285714285714,0.53125,0.5580357142857143,0.018940360210353935,9,0.6074766355140186,0.6292834890965732,0.6490683229813664,0.6286094825306527,0.016986422621877766
21,1.2523472309112549,0.440330211349772,0.001710653305053711,0.0005026246293959898,1e-05,balanced,none,sag,"{'C': 1e-05, 'class_weight': 'balanced', 'penalty': 'none', 'solver': 'sag'}",0.5838509316770186,0.5403726708074534,0.54375,0.5559912008281573,0.019747996359917152,21,0.6105919003115264,0.6105919003115264,0.6521739130434783,0.624452571222177,0.01960194878543233
22,1.2236908276875813,0.0614705061376544,0.0013349056243896484,0.00047137099690188665,1e-05,balanced,none,saga,"{'C': 1e-05, 'class_weight': 'balanced', 'penalty': 'none', 'solver': 'saga'}",0.546583850931677,0.5652173913043478,0.51875,0.5435170807453417,0.019093776004930504,53,0.6074766355140186,0.5950155763239875,0.6273291925465838,0.6099404681281967,0.013306522253098927
23,3.136777639389038,0.7682398690185072,0.0010599295298258464,6.217267008606716e-05,1e-05,balanced,none,lbfgs,"{'C': 1e-05, 'class_weight': 'balanced', 'penalty': 'none', 'solver': 'lbfgs'}",0.5590062111801242,0.5527950310559007,0.5375,0.5497670807453416,0.009037169252350197,32,0.6105919003115264,0.6261682242990654,0.6614906832298136,0.6327502692801352,0.02129419346113474
24,0.0,0.0,0.0,0.0,0.0001,auto,l1,newton-cg,"{'C': 0.0001, 'class_weight': 'auto', 'penalty': 'l1', 'solver': 'newton-cg'}",,,,,,233,,,,,
25,0.0,0.0,0.0,0.0,0.0001,auto,l1,sag,"{'C': 0.0001, 'class_weight': 'auto', 'penalty': 'l1', 'solver': 'sag'}",,,,,,239,,,,,
26,0.0016380945841471355,0.0005112693703361519,0.0,0.0,0.0001,auto,l1,saga,"{'C': 0.0001, 'class_weight': 'auto', 'penalty': 'l1', 'solver': 'saga'}",,,,,,176,,,,,
27,0.0,0.0,0.0,0.0,0.0001,auto,l1,lbfgs,"{'C': 0.0001, 'class_weight': 'auto', 'penalty': 'l1', 'solver': 'lbfgs'}",,,,,,175,,,,,
28,0.0016862551371256511,0.00048590686498292733,0.0,0.0,0.0001,auto,l2,newton-cg,"{'C': 0.0001, 'class_weight': 'auto', 'penalty': 'l2', 'solver': 'newton-cg'}",,,,,,174,,,,,
29,0.001990238825480143,0.0008178552030393397,0.0,0.0,0.0001,auto,l2,sag,"{'C': 0.0001, 'class_weight': 'auto', 'penalty': 'l2', 'solver': 'sag'}",,,,,,171,,,,,
30,0.002062559127807617,4.831492356340784e-05,0.0,0.0,0.0001,auto,l2,saga,"{'C': 0.0001, 'class_weight': 'auto', 'penalty': 'l2', 'solver': 'saga'}",,,,,,192,,,,,
31,0.0019835631052652993,2.3209068680062855e-05,0.0,0.0,0.0001,auto,l2,lbfgs,"{'C': 0.0001, 'class_weight': 'auto', 'penalty': 'l2', 'solver': 'lbfgs'}",,,,,,190,,,,,
32,0.0019071896870930989,7.745151076553963e-05,0.0,0.0,0.0001,auto,none,newton-cg,"{'C': 0.0001, 'class_weight': 'auto', 'penalty': 'none', 'solver': 'newton-cg'}",,,,,,189,,,,,
33,0.0017004013061523438,0.0004384109050371285,0.0,0.0,0.0001,auto,none,sag,"{'C': 0.0001, 'class_weight': 'auto', 'penalty': 'none', 'solver': 'sag'}",,,,,,222,,,,,
34,0.0020314852396647134,4.5069450423129985e-05,0.0,0.0,0.0001,auto,none,saga,"{'C': 0.0001, 'class_weight': 'auto', 'penalty': 'none', 'solver': 'saga'}",,,,,,221,,,,,
35,0.0013845761617024739,0.0005242209709023653,0.0,0.0,0.0001,auto,none,lbfgs,"{'C': 0.0001, 'class_weight': 'auto', 'penalty': 'none', 'solver': 'lbfgs'}",,,,,,216,,,,,
36,0.0006183783213297526,0.00044075294043367845,0.0,0.0,0.0001,balanced,l1,newton-cg,"{'C': 0.0001, 'class_weight': 'balanced', 'penalty': 'l1', 'solver': 'newton-cg'}",,,,,,139,,,,,
37,0.0,0.0,0.0,0.0,0.0001,balanced,l1,sag,"{'C': 0.0001, 'class_weight': 'balanced', 'penalty': 'l1', 'solver': 'sag'}",,,,,,140,,,,,
38,0.003021081288655599,1.4105481129110273e-05,0.001423199971516927,0.00042253361557794815,0.0001,balanced,l1,saga,"{'C': 0.0001, 'class_weight': 'balanced', 'penalty': 'l1', 'solver': 'saga'}",0.2919254658385093,0.09316770186335403,0.2875,0.22419772256728776,0.09266982943485232,89,0.2897196261682243,0.09657320872274143,0.2919254658385093,0.22607276690982503,0.09157444370620052
39,0.0,0.0,0.0,0.0,0.0001,balanced,l1,lbfgs,"{'C': 0.0001, 'class_weight': 'balanced', 'penalty': 'l1', 'solver': 'lbfgs'}",,,,,,236,,,,,
40,0.07233142852783203,0.005311610617615981,0.0011439323425292969,0.0002031478331402664,0.0001,balanced,l2,newton-cg,"{'C': 0.0001, 'class_weight': 'balanced', 'penalty': 'l2', 'solver': 'newton-cg'}",0.4658385093167702,0.4409937888198758,0.4375,0.4481107660455486,0.012616293729333438,87,0.45794392523364486,0.4735202492211838,0.5124223602484472,0.4812955115677586,0.022910201495317313
41,0.010636727015177408,0.0006438474881824737,0.0010217030843098958,0.00034130085708293197,0.0001,balanced,l2,sag,"{'C': 0.0001, 'class_weight': 'balanced', 'penalty': 'l2', 'solver': 'sag'}",0.45962732919254656,0.453416149068323,0.45625,0.4564311594202899,0.0025389372692207614,82,0.4454828660436137,0.45482866043613707,0.5124223602484472,0.470911295576066,0.029599688465509148
42,0.01885374387105306,0.003117933619724536,0.0015705426534016926,9.681405819116388e-05,0.0001,balanced,l2,saga,"{'C': 0.0001, 'class_weight': 'balanced', 'penalty': 'l2', 'solver': 'saga'}",0.45962732919254656,0.453416149068323,0.45625,0.4564311594202899,0.0025389372692207614,82,0.4454828660436137,0.45482866043613707,0.5124223602484472,0.470911295576066,0.029599688465509148
43,0.0596919059753418,0.0044619093564883345,0.0016427040100097656,0.00045421198530527145,0.0001,balanced,l2,lbfgs,"{'C': 0.0001, 'class_weight': 'balanced', 'penalty': 'l2', 'solver': 'lbfgs'}",0.4720496894409938,0.45962732919254656,0.43125,0.45430900621118014,0.017075656827210337,84,0.45794392523364486,0.4766355140186916,0.515527950310559,0.4833691298542984,0.023985914931904245
44,3.8150702317555747,3.075351729528807,0.0013379255930582683,0.00046772298445152996,0.0001,balanced,none,newton-cg,"{'C': 0.0001, 'class_weight': 'balanced', 'penalty': 'none', 'solver': 'newton-cg'}",0.5714285714285714,0.5714285714285714,0.53125,0.5580357142857143,0.018940360210353935,9,0.6074766355140186,0.6292834890965732,0.6490683229813664,0.6286094825306527,0.016986422621877766
45,1.2906442483266194,0.38701919925538303,0.0013251304626464844,0.0004567035097653677,0.0001,balanced,none,sag,"{'C': 0.0001, 'class_weight': 'balanced', 'penalty': 'none', 'solver': 'sag'}",0.5838509316770186,0.5403726708074534,0.56875,0.5643245341614906,0.01802365765646826,4,0.6105919003115264,0.6105919003115264,0.6521739130434783,0.624452571222177,0.01960194878543233
46,1.2766552766164143,0.1602066775768646,0.0016649564107259114,0.00047159915473284216,0.0001,balanced,none,saga,"{'C': 0.0001, 'class_weight': 'balanced', 'penalty': 'none', 'solver': 'saga'}",0.546583850931677,0.5652173913043478,0.51875,0.5435170807453417,0.019093776004930504,53,0.6074766355140186,0.5950155763239875,0.6273291925465838,0.6099404681281967,0.013306522253098927
47,3.131007115046183,0.4762512390832928,0.0013459523518880208,0.000489353009110487,0.0001,balanced,none,lbfgs,"{'C': 0.0001, 'class_weight': 'balanced', 'penalty': 'none', 'solver': 'lbfgs'}",0.5590062111801242,0.5527950310559007,0.5375,0.5497670807453416,0.009037169252350197,32,0.6105919003115264,0.6261682242990654,0.6614906832298136,0.6327502692801352,0.02129419346113474
48,0.0,0.0,0.0,0.0,0.001,auto,l1,newton-cg,"{'C': 0.001, 'class_weight': 'auto', 'penalty': 'l1', 'solver': 'newton-cg'}",,,,,,136,,,,,
49,0.0,0.0,0.0,0.0,0.001,auto,l1,sag,"{'C': 0.001, 'class_weight': 'auto', 'penalty': 'l1', 'solver': 'sag'}",,,,,,158,,,,,
50,0.001627524693806966,0.0004465641015767197,0.0,0.0,0.001,auto,l1,saga,"{'C': 0.001, 'class_weight': 'auto', 'penalty': 'l1', 'solver': 'saga'}",,,,,,157,,,,,
51,0.0010000069936116536,1.1239159602905075e-07,0.0,0.0,0.001,auto,l1,lbfgs,"{'C': 0.001, 'class_weight': 'auto', 'penalty': 'l1', 'solver': 'lbfgs'}",,,,,,155,,,,,
52,0.0020363330841064453,3.0488382719070333e-05,0.0,0.0,0.001,auto,l2,newton-cg,"{'C': 0.001, 'class_weight': 'auto', 'penalty': 'l2', 'solver': 'newton-cg'}",,,,,,154,,,,,
53,0.0016662279764811199,0.00047081419104746264,0.0,0.0,0.001,auto,l2,sag,"{'C': 0.001, 'class_weight': 'auto', 'penalty': 'l2', 'solver': 'sag'}",,,,,,153,,,,,
54,0.002001523971557617,1.6632437337602258e-06,0.0,0.0,0.001,auto,l2,saga,"{'C': 0.001, 'class_weight': 'auto', 'penalty': 'l2', 'solver': 'saga'}",,,,,,150,,,,,
55,0.0019992987314860025,2.4026578995118097e-06,0.0,0.0,0.001,auto,l2,lbfgs,"{'C': 0.001, 'class_weight': 'auto', 'penalty': 'l2', 'solver': 'lbfgs'}",,,,,,97,,,,,
56,0.002323786417643229,0.0004559230029668662,0.0,0.0,0.001,auto,none,newton-cg,"{'C': 0.001, 'class_weight': 'auto', 'penalty': 'none', 'solver': 'newton-cg'}",,,,,,93,,,,,
57,0.002205371856689453,0.0002901390520874181,0.0,0.0,0.001,auto,none,sag,"{'C': 0.001, 'class_weight': 'auto', 'penalty': 'none', 'solver': 'sag'}",,,,,,116,,,,,
58,0.0019985040028889975,1.2961631163199813e-06,0.0,0.0,0.001,auto,none,saga,"{'C': 0.001, 'class_weight': 'auto', 'penalty': 'none', 'solver': 'saga'}",,,,,,91,,,,,
59,0.0016765594482421875,0.0004782381140519755,0.0,0.0,0.001,auto,none,lbfgs,"{'C': 0.001, 'class_weight': 'auto', 'penalty': 'none', 'solver': 'lbfgs'}",,,,,,107,,,,,
60,0.0,0.0,0.0,0.0,0.001,balanced,l1,newton-cg,"{'C': 0.001, 'class_weight': 'balanced', 'penalty': 'l1', 'solver': 'newton-cg'}",,,,,,230,,,,,
61,0.0,0.0,0.0,0.0,0.001,balanced,l1,sag,"{'C': 0.001, 'class_weight': 'balanced', 'penalty': 'l1', 'solver': 'sag'}",,,,,,165,,,,,
62,0.38597917556762695,0.5353186046394347,0.002052863438924154,0.0008804256633911945,0.001,balanced,l1,saga,"{'C': 0.001, 'class_weight': 'balanced', 'penalty': 'l1', 'solver': 'saga'}",0.5093167701863354,0.5217391304347826,0.49375,0.5082686335403727,0.011450525415754961,75,0.5295950155763239,0.5358255451713395,0.4937888198757764,0.5197364602078133,0.018523226930157212
63,0.0006508827209472656,0.0004604510723158791,0.0,0.0,0.001,balanced,l1,lbfgs,"{'C': 0.001, 'class_weight': 'balanced', 'penalty': 'l1', 'solver': 'lbfgs'}",,,,,,218,,,,,
64,0.12434808413187663,0.011605852646164767,0.0016722679138183594,0.0004720447434618672,0.001,balanced,l2,newton-cg,"{'C': 0.001, 'class_weight': 'balanced', 'penalty': 'l2', 'solver': 'newton-cg'}",0.484472049689441,0.4720496894409938,0.41875,0.45842391304347824,0.028508399822644748,81,0.48909657320872274,0.5015576323987538,0.5,0.49688473520249216,0.00554365433646484
65,0.060692548751831055,0.01690756135648552,0.0016127427419026692,0.0005466238153027716,0.001,balanced,l2,sag,"{'C': 0.001, 'class_weight': 'balanced', 'penalty': 'l2', 'solver': 'sag'}",0.45962732919254656,0.4720496894409938,0.45,0.4605590062111801,0.009025822867800128,80,0.4672897196261682,0.48286604361370716,0.5031055900621118,0.4844204511006624,0.014663021079065988
66,0.11099934577941895,0.025740682389703996,0.0020036697387695312,1.557343637328579e-06,0.001,balanced,l2,saga,"{'C': 0.001, 'class_weight': 'balanced', 'penalty': 'l2', 'solver': 'saga'}",0.453416149068323,0.45962732919254656,0.44375,0.45226449275362324,0.00653284673898059,86,0.4672897196261682,0.48286604361370716,0.5031055900621118,0.4844204511006624,0.014663021079065988
67,0.1877101262410482,0.043431388121879674,0.0016320546468098958,0.0004474065224443016,0.001,balanced,l2,lbfgs,"{'C': 0.001, 'class_weight': 'balanced', 'penalty': 'l2', 'solver': 'lbfgs'}",0.484472049689441,0.4782608695652174,0.425,0.4625776397515528,0.026692120517823225,78,0.49221183800623053,0.5015576323987538,0.5,0.4979231568016615,0.00408826992420134
68,4.026267687479655,3.126969487782216,0.0016585191090901692,0.000465537427854163,0.001,balanced,none,newton-cg,"{'C': 0.001, 'class_weight': 'balanced', 'penalty': 'none', 'solver': 'newton-cg'}",0.5714285714285714,0.5714285714285714,0.53125,0.5580357142857143,0.018940360210353935,9,0.6074766355140186,0.6292834890965732,0.6490683229813664,0.6286094825306527,0.016986422621877766
69,1.003391981124878,0.142646575483144,0.001967748006184896,4.931840051453675e-05,0.001,balanced,none,sag,"{'C': 0.001, 'class_weight': 'balanced', 'penalty': 'none', 'solver': 'sag'}",0.5838509316770186,0.5403726708074534,0.55,0.5580745341614907,0.018645613755953448,7,0.6105919003115264,0.6105919003115264,0.6366459627329193,0.619276587785324,0.012282002810416325
70,1.3033299446105957,0.1972004708190615,0.0019904772440592446,1.114945026058048e-05,0.001,balanced,none,saga,"{'C': 0.001, 'class_weight': 'balanced', 'penalty': 'none', 'solver': 'saga'}",0.546583850931677,0.5652173913043478,0.51875,0.5435170807453417,0.019093776004930504,53,0.6074766355140186,0.5950155763239875,0.6273291925465838,0.6099404681281967,0.013306522253098927
71,2.9822665055592856,0.2940936453514161,0.0013252894083658855,0.000477367199250759,0.001,balanced,none,lbfgs,"{'C': 0.001, 'class_weight': 'balanced', 'penalty': 'none', 'solver': 'lbfgs'}",0.5590062111801242,0.5527950310559007,0.5375,0.5497670807453416,0.009037169252350197,32,0.6105919003115264,0.6261682242990654,0.6614906832298136,0.6327502692801352,0.02129419346113474
72,0.000999768575032552,7.370009816086851e-07,0.0,0.0,0.01,auto,l1,newton-cg,"{'C': 0.01, 'class_weight': 'auto', 'penalty': 'l1', 'solver': 'newton-cg'}",,,,,,238,,,,,
73,0.0009998480478922527,4.899036091938795e-07,0.0,0.0,0.01,auto,l1,sag,"{'C': 0.01, 'class_weight': 'auto', 'penalty': 'l1', 'solver': 'sag'}",,,,,,237,,,,,
74,0.001967191696166992,0.00015346194803450764,0.0,0.0,0.01,auto,l1,saga,"{'C': 0.01, 'class_weight': 'auto', 'penalty': 'l1', 'solver': 'saga'}",,,,,,235,,,,,
75,0.000330050786336263,0.0004667622983086478,0.0,0.0,0.01,auto,l1,lbfgs,"{'C': 0.01, 'class_weight': 'auto', 'penalty': 'l1', 'solver': 'lbfgs'}",,,,,,234,,,,,
76,0.0017211437225341797,0.000515554070041415,0.0,0.0,0.01,auto,l2,newton-cg,"{'C': 0.01, 'class_weight': 'auto', 'penalty': 'l2', 'solver': 'newton-cg'}",,,,,,178,,,,,
77,0.002011458079020182,1.439139168347066e-05,0.0,0.0,0.01,auto,l2,sag,"{'C': 0.01, 'class_weight': 'auto', 'penalty': 'l2', 'solver': 'sag'}",,,,,,177,,,,,
78,0.0026629765828450522,0.0004690594689721781,0.0,0.0,0.01,auto,l2,saga,"{'C': 0.01, 'class_weight': 'auto', 'penalty': 'l2', 'solver': 'saga'}",,,,,,173,,,,,
79,0.002332448959350586,0.000467493664428535,0.0,0.0,0.01,auto,l2,lbfgs,"{'C': 0.01, 'class_weight': 'auto', 'penalty': 'l2', 'solver': 'lbfgs'}",,,,,,172,,,,,
80,0.0016584396362304688,0.00046023584588631745,0.0,0.0,0.01,auto,none,newton-cg,"{'C': 0.01, 'class_weight': 'auto', 'penalty': 'none', 'solver': 'newton-cg'}",,,,,,169,,,,,
81,0.0019898414611816406,1.3492609933029307e-05,0.0,0.0,0.01,auto,none,sag,"{'C': 0.01, 'class_weight': 'auto', 'penalty': 'none', 'solver': 'sag'}",,,,,,191,,,,,
82,0.0020167032877604165,5.556954667860259e-05,0.0,0.0,0.01,auto,none,saga,"{'C': 0.01, 'class_weight': 'auto', 'penalty': 'none', 'solver': 'saga'}",,,,,,188,,,,,
83,0.0013146400451660156,0.0004078295044057949,0.0,0.0,0.01,auto,none,lbfgs,"{'C': 0.01, 'class_weight': 'auto', 'penalty': 'none', 'solver': 'lbfgs'}",,,,,,187,,,,,
84,0.00010617574055989583,0.00015015517229481181,0.0,0.0,0.01,balanced,l1,newton-cg,"{'C': 0.01, 'class_weight': 'balanced', 'penalty': 'l1', 'solver': 'newton-cg'}",,,,,,186,,,,,
85,0.0005292097727457682,0.00012670092602952464,0.0,0.0,0.01,balanced,l1,sag,"{'C': 0.01, 'class_weight': 'balanced', 'penalty': 'l1', 'solver': 'sag'}",,,,,,185,,,,,
86,0.06718532244364421,0.012173497165856305,0.0013295809427897136,0.00046569540206134935,0.01,balanced,l1,saga,"{'C': 0.01, 'class_weight': 'balanced', 'penalty': 'l1', 'solver': 'saga'}",0.4472049689440994,0.43478260869565216,0.425,0.43566252587991716,0.009086468039177027,88,0.4423676012461059,0.45482866043613707,0.48757763975155277,0.4615913004779319,0.01906632057961826
87,0.0006649494171142578,0.00047085518526296226,0.0,0.0,0.01,balanced,l1,lbfgs,"{'C': 0.01, 'class_weight': 'balanced', 'penalty': 'l1', 'solver': 'lbfgs'}",,,,,,126,,,,,
88,0.1393435796101888,0.007122168012216159,0.0013268788655598958,0.0004807266839588668,0.01,balanced,l2,newton-cg,"{'C': 0.01, 'class_weight': 'balanced', 'penalty': 'l2', 'solver': 'newton-cg'}",0.546583850931677,0.5838509316770186,0.48125,0.5372282608695652,0.04240584153396616,71,0.573208722741433,0.557632398753894,0.5714285714285714,0.5674232309746328,0.006961203504910294
89,0.2806764443715413,0.010230847802338815,0.002025047938028971,4.149229218905439e-05,0.01,balanced,l2,sag,"{'C': 0.01, 'class_weight': 'balanced', 'penalty': 'l2', 'solver': 'sag'}",0.5217391304347826,0.5403726708074534,0.5125,0.5248706004140786,0.011592411962388494,73,0.5607476635514018,0.5389408099688473,0.5683229813664596,0.5560038182955697,0.012455415150798968
90,0.4639957745869954,0.06572745174552401,0.0016515254974365234,0.00046021814254252014,0.01,balanced,l2,saga,"{'C': 0.01, 'class_weight': 'balanced', 'penalty': 'l2', 'solver': 'saga'}",0.5217391304347826,0.5341614906832298,0.5125,0.5228002070393375,0.008875038303221151,74,0.5545171339563862,0.5389408099688473,0.5683229813664596,0.553926975097231,0.012002477928020994
91,0.6030043760935465,0.17125110595288937,0.001334826151529948,0.00047395552036663945,0.01,balanced,l2,lbfgs,"{'C': 0.01, 'class_weight': 'balanced', 'penalty': 'l2', 'solver': 'lbfgs'}",0.546583850931677,0.5652173913043478,0.4875,0.5331004140786749,0.033129549044269124,72,0.5669781931464174,0.5638629283489096,0.5745341614906833,0.5684584276620034,0.0044804854541571895
92,3.879659334818522,3.195114984326386,0.0016694068908691406,0.00047339824553474475,0.01,balanced,none,newton-cg,"{'C': 0.01, 'class_weight': 'balanced', 'penalty': 'none', 'solver': 'newton-cg'}",0.5714285714285714,0.5714285714285714,0.53125,0.5580357142857143,0.018940360210353935,9,0.6074766355140186,0.6292834890965732,0.6490683229813664,0.6286094825306527,0.016986422621877766
93,1.2566639582316081,0.34891896748816065,0.0013360977172851562,0.0004707191904035052,0.01,balanced,none,sag,"{'C': 0.01, 'class_weight': 'balanced', 'penalty': 'none', 'solver': 'sag'}",0.5838509316770186,0.5403726708074534,0.59375,0.5726578674948241,0.023184022260634825,1,0.6105919003115264,0.6105919003115264,0.6521739130434783,0.624452571222177,0.01960194878543233
94,1.2812494436899822,0.029353054527664117,0.0023337999979654946,0.0004704179353221182,0.01,balanced,none,saga,"{'C': 0.01, 'class_weight': 'balanced', 'penalty': 'none', 'solver': 'saga'}",0.546583850931677,0.5652173913043478,0.51875,0.5435170807453417,0.019093776004930504,53,0.6074766355140186,0.5950155763239875,0.6273291925465838,0.6099404681281967,0.013306522253098927
95,2.932992696762085,0.44486079406090473,0.0016634464263916016,0.00047053370881054165,0.01,balanced,none,lbfgs,"{'C': 0.01, 'class_weight': 'balanced', 'penalty': 'none', 'solver': 'lbfgs'}",0.5590062111801242,0.5527950310559007,0.5375,0.5497670807453416,0.009037169252350197,32,0.6105919003115264,0.6261682242990654,0.6614906832298136,0.6327502692801352,0.02129419346113474
96,0.0,0.0,0.0,0.0,0.1,auto,l1,newton-cg,"{'C': 0.1, 'class_weight': 'auto', 'penalty': 'l1', 'solver': 'newton-cg'}",,,,,,193,,,,,
97,0.0,0.0,0.0,0.0,0.1,auto,l1,sag,"{'C': 0.1, 'class_weight': 'auto', 'penalty': 'l1', 'solver': 'sag'}",,,,,,194,,,,,
98,0.0016652743021647136,0.00047064062362938677,0.0,0.0,0.1,auto,l1,saga,"{'C': 0.1, 'class_weight': 'auto', 'penalty': 'l1', 'solver': 'saga'}",,,,,,195,,,,,
99,0.0009998480478922527,4.052336624139774e-07,0.0,0.0,0.1,auto,l1,lbfgs,"{'C': 0.1, 'class_weight': 'auto', 'penalty': 'l1', 'solver': 'lbfgs'}",,,,,,196,,,,,
100,0.001999537150065104,4.052336624139774e-07,0.0,0.0,0.1,auto,l2,newton-cg,"{'C': 0.1, 'class_weight': 'auto', 'penalty': 'l2', 'solver': 'newton-cg'}",,,,,,197,,,,,
101,0.0016566117604573567,0.00046323039948487635,0.0,0.0,0.1,auto,l2,sag,"{'C': 0.1, 'class_weight': 'auto', 'penalty': 'l2', 'solver': 'sag'}",,,,,,198,,,,,
102,0.001997232437133789,0.0008177066538401393,0.0,0.0,0.1,auto,l2,saga,"{'C': 0.1, 'class_weight': 'auto', 'penalty': 'l2', 'solver': 'saga'}",,,,,,199,,,,,
103,0.0023365020751953125,0.0004718797398302891,0.0,0.0,0.1,auto,l2,lbfgs,"{'C': 0.1, 'class_weight': 'auto', 'penalty': 'l2', 'solver': 'lbfgs'}",,,,,,184,,,,,
104,0.0019288063049316406,0.00010014772344211668,0.0,0.0,0.1,auto,none,newton-cg,"{'C': 0.1, 'class_weight': 'auto', 'penalty': 'none', 'solver': 'newton-cg'}",,,,,,200,,,,,
105,0.001986980438232422,1.670405326205049e-05,0.0,0.0,0.1,auto,none,sag,"{'C': 0.1, 'class_weight': 'auto', 'penalty': 'none', 'solver': 'sag'}",,,,,,183,,,,,
106,0.0029903252919514975,1.4581049976263025e-05,0.0,0.0,0.1,auto,none,saga,"{'C': 0.1, 'class_weight': 'auto', 'penalty': 'none', 'solver': 'saga'}",,,,,,181,,,,,
107,0.002011458079020182,1.2213507398025278e-05,0.0,0.0,0.1,auto,none,lbfgs,"{'C': 0.1, 'class_weight': 'auto', 'penalty': 'none', 'solver': 'lbfgs'}",,,,,,166,,,,,
108,0.0,0.0,0.0,0.0,0.1,balanced,l1,newton-cg,"{'C': 0.1, 'class_weight': 'balanced', 'penalty': 'l1', 'solver': 'newton-cg'}",,,,,,167,,,,,
109,0.0,0.0,0.0,0.0,0.1,balanced,l1,sag,"{'C': 0.1, 'class_weight': 'balanced', 'penalty': 'l1', 'solver': 'sag'}",,,,,,168,,,,,
110,1.4607027371724446,0.07510513562043075,0.0016450881958007812,0.00046086601191288576,0.1,balanced,l1,saga,"{'C': 0.1, 'class_weight': 'balanced', 'penalty': 'l1', 'solver': 'saga'}",0.5403726708074534,0.5714285714285714,0.53125,0.5476837474120083,0.017198222414898105,49,0.5856697819314641,0.557632398753894,0.5807453416149069,0.5746825074334216,0.012222716081013843
111,0.0010002454121907551,2.9736021254650284e-07,0.0,0.0,0.1,balanced,l1,lbfgs,"{'C': 0.1, 'class_weight': 'balanced', 'penalty': 'l1', 'solver': 'lbfgs'}",,,,,,170,,,,,
112,0.26053158442179364,0.04283405568515862,0.0020471413930257163,0.0007568367710165548,0.1,balanced,l2,newton-cg,"{'C': 0.1, 'class_weight': 'balanced', 'penalty': 'l2', 'solver': 'newton-cg'}",0.577639751552795,0.5962732919254659,0.525,0.5663043478260869,0.030180999196058968,3,0.6355140186915887,0.6137071651090342,0.6521739130434783,0.6337983656147005,0.015750772960359566
113,0.6269859472910563,0.055138294563125814,0.0016399224599202473,0.0004537013196002252,0.1,balanced,l2,sag,"{'C': 0.1, 'class_weight': 'balanced', 'penalty': 'l2', 'solver': 'sag'}",0.5652173913043478,0.5590062111801242,0.51875,0.5476578674948239,0.020597625946657254,51,0.616822429906542,0.5950155763239875,0.6304347826086957,0.6140909296130751,0.014588257009197168
114,1.0913348197937012,0.1497474448775337,0.0026581287384033203,0.000928916561577853,0.1,balanced,l2,saga,"{'C': 0.1, 'class_weight': 'balanced', 'penalty': 'l2', 'solver': 'saga'}",0.5527950310559007,0.5714285714285714,0.51875,0.547657867494824,0.02181056027140238,50,0.6074766355140186,0.5825545171339563,0.6304347826086957,0.6068219784188903,0.01955251709997173
115,1.6076562404632568,0.44025991885467514,0.0011017322540283203,0.0001434686977663999,0.1,balanced,l2,lbfgs,"{'C': 0.1, 'class_weight': 'balanced', 'penalty': 'l2', 'solver': 'lbfgs'}",0.5838509316770186,0.5900621118012422,0.53125,0.5683876811594203,0.026382446323998058,2,0.6355140186915887,0.6137071651090342,0.6521739130434783,0.6337983656147005,0.015750772960359566
116,4.372820536295573,3.4985970257589307,0.0017102559407552083,0.0005281200731660056,0.1,balanced,none,newton-cg,"{'C': 0.1, 'class_weight': 'balanced', 'penalty': 'none', 'solver': 'newton-cg'}",0.5714285714285714,0.5714285714285714,0.53125,0.5580357142857143,0.018940360210353935,9,0.6074766355140186,0.6292834890965732,0.6490683229813664,0.6286094825306527,0.016986422621877766
117,0.7282063166300455,0.09379127723306341,0.001995563507080078,2.867638040013109e-06,0.1,balanced,none,sag,"{'C': 0.1, 'class_weight': 'balanced', 'penalty': 'none', 'solver': 'sag'}",0.5838509316770186,0.5403726708074534,0.53125,0.5518245341614907,0.022950285169357574,29,0.6105919003115264,0.6105919003115264,0.639751552795031,0.6203117844726946,0.013745992005419505
118,1.1096402804056804,0.07915232269056363,0.001990079879760742,1.1410930058668497e-05,0.1,balanced,none,saga,"{'C': 0.1, 'class_weight': 'balanced', 'penalty': 'none', 'solver': 'saga'}",0.546583850931677,0.5652173913043478,0.51875,0.5435170807453417,0.019093776004930504,53,0.6074766355140186,0.5950155763239875,0.6273291925465838,0.6099404681281967,0.013306522253098927
119,3.553675731023153,0.6631646008742357,0.0013345082600911458,0.00047064609890401526,0.1,balanced,none,lbfgs,"{'C': 0.1, 'class_weight': 'balanced', 'penalty': 'none', 'solver': 'lbfgs'}",0.5590062111801242,0.5527950310559007,0.5375,0.5497670807453416,0.009037169252350197,32,0.6105919003115264,0.6261682242990654,0.6614906832298136,0.6327502692801352,0.02129419346113474
120,0.0006683667500813802,0.0004726070221311637,0.0,0.0,1.0,auto,l1,newton-cg,"{'C': 1.0, 'class_weight': 'auto', 'penalty': 'l1', 'solver': 'newton-cg'}",,,,,,179,,,,,
121,0.00033322970072428387,0.0004712579621498098,0.0,0.0,1.0,auto,l1,sag,"{'C': 1.0, 'class_weight': 'auto', 'penalty': 'l1', 'solver': 'sag'}",,,,,,180,,,,,
122,0.0016705989837646484,0.00047469783738985093,0.0,0.0,1.0,auto,l1,saga,"{'C': 1.0, 'class_weight': 'auto', 'penalty': 'l1', 'solver': 'saga'}",,,,,,182,,,,,
123,0.0003333886464436849,0.00047148274534186793,0.0,0.0,1.0,auto,l1,lbfgs,"{'C': 1.0, 'class_weight': 'auto', 'penalty': 'l1', 'solver': 'lbfgs'}",,,,,,201,,,,,
124,0.0016666253407796223,0.00047176373437288107,0.0,0.0,1.0,auto,l2,newton-cg,"{'C': 1.0, 'class_weight': 'auto', 'penalty': 'l2', 'solver': 'newton-cg'}",,,,,,202,,,,,
125,0.0011794567108154297,0.00025473557099540804,0.0,0.0,1.0,auto,l2,sag,"{'C': 1.0, 'class_weight': 'auto', 'penalty': 'l2', 'solver': 'sag'}",,,,,,203,,,,,
126,0.0020825068155924478,0.00011554266053311189,0.0,0.0,1.0,auto,l2,saga,"{'C': 1.0, 'class_weight': 'auto', 'penalty': 'l2', 'solver': 'saga'}",,,,,,223,,,,,
127,0.001893440882364909,0.0006988721188851035,0.0,0.0,1.0,auto,l2,lbfgs,"{'C': 1.0, 'class_weight': 'auto', 'penalty': 'l2', 'solver': 'lbfgs'}",,,,,,224,,,,,
128,0.0018463134765625,0.00023878196997249615,0.0,0.0,1.0,auto,none,newton-cg,"{'C': 1.0, 'class_weight': 'auto', 'penalty': 'none', 'solver': 'newton-cg'}",,,,,,225,,,,,
129,0.001999457677205404,4.13106009749318e-06,0.0,0.0,1.0,auto,none,sag,"{'C': 1.0, 'class_weight': 'auto', 'penalty': 'none', 'solver': 'sag'}",,,,,,226,,,,,
130,0.0016455650329589844,0.00030574416586349155,0.0,0.0,1.0,auto,none,saga,"{'C': 1.0, 'class_weight': 'auto', 'penalty': 'none', 'solver': 'saga'}",,,,,,227,,,,,
131,0.0015708605448404949,0.0004394053047328531,0.0,0.0,1.0,auto,none,lbfgs,"{'C': 1.0, 'class_weight': 'auto', 'penalty': 'none', 'solver': 'lbfgs'}",,,,,,228,,,,,
132,0.0005314350128173828,0.00041749904838531756,0.0,0.0,1.0,balanced,l1,newton-cg,"{'C': 1.0, 'class_weight': 'balanced', 'penalty': 'l1', 'solver': 'newton-cg'}",,,,,,229,,,,,
133,0.0009136994679768881,0.000124017747690916,0.0,0.0,1.0,balanced,l1,sag,"{'C': 1.0, 'class_weight': 'balanced', 'penalty': 'l1', 'solver': 'sag'}",,,,,,231,,,,,
134,1.4918620586395264,0.22465022425056758,0.0010519027709960938,7.215960608332276e-05,1.0,balanced,l1,saga,"{'C': 1.0, 'class_weight': 'balanced', 'penalty': 'l1', 'solver': 'saga'}",0.5652173913043478,0.577639751552795,0.51875,0.5538690476190476,0.025345471492783458,27,0.6105919003115264,0.5856697819314641,0.6304347826086957,0.6088988216172287,0.01831440613300449
135,0.0,0.0,0.0,0.0,1.0,balanced,l1,lbfgs,"{'C': 1.0, 'class_weight': 'balanced', 'penalty': 'l1', 'solver': 'lbfgs'}",,,,,,232,,,,,
136,0.25328954060872394,0.012387113029490974,0.0016680558522542317,0.000471937169780208,1.0,balanced,l2,newton-cg,"{'C': 1.0, 'class_weight': 'balanced', 'penalty': 'l2', 'solver': 'newton-cg'}",0.577639751552795,0.5590062111801242,0.54375,0.5601319875776397,0.01385831505993053,6,0.6012461059190031,0.6261682242990654,0.6428571428571429,0.6234238243584037,0.017098116797716584
137,0.7936712106068929,0.06299675162311498,0.0023278395334879556,0.0012554520252771773,1.0,balanced,l2,sag,"{'C': 1.0, 'class_weight': 'balanced', 'penalty': 'l2', 'solver': 'sag'}",0.577639751552795,0.546583850931677,0.53125,0.5518245341614907,0.019297682638405908,29,0.6105919003115264,0.6105919003115264,0.6459627329192547,0.6223821778474359,0.016673970395425917
138,1.1492469310760498,0.1299056427698697,0.0020298163096110025,3.803820468363176e-05,1.0,balanced,l2,saga,"{'C': 1.0, 'class_weight': 'balanced', 'penalty': 'l2', 'solver': 'saga'}",0.5527950310559007,0.5652173913043478,0.51875,0.5455874741200828,0.019642916813194772,52,0.6074766355140186,0.5950155763239875,0.6273291925465838,0.6099404681281967,0.013306522253098927
139,2.7298380533854165,0.3559386828459031,0.0009908676147460938,1.3848815661866766e-05,1.0,balanced,l2,lbfgs,"{'C': 1.0, 'class_weight': 'balanced', 'penalty': 'l2', 'solver': 'lbfgs'}",0.577639751552795,0.5590062111801242,0.55625,0.5642986542443064,0.009500450272251377,5,0.6074766355140186,0.6199376947040498,0.6459627329192547,0.6244590210457743,0.016033854127805284
140,4.291783332824707,3.4433753536778258,0.0012023448944091797,0.0002857556494807926,1.0,balanced,none,newton-cg,"{'C': 1.0, 'class_weight': 'balanced', 'penalty': 'none', 'solver': 'newton-cg'}",0.5714285714285714,0.5714285714285714,0.53125,0.5580357142857143,0.018940360210353935,9,0.6074766355140186,0.6292834890965732,0.6490683229813664,0.6286094825306527,0.016986422621877766
141,0.6590046087900797,0.09166676233626245,0.0009357929229736328,7.081981663729007e-05,1.0,balanced,none,sag,"{'C': 1.0, 'class_weight': 'balanced', 'penalty': 'none', 'solver': 'sag'}",0.5838509316770186,0.5403726708074534,0.525,0.5497412008281574,0.024922346811311072,42,0.6105919003115264,0.6105919003115264,0.6459627329192547,0.6223821778474359,0.016673970395425917
142,1.0563357671101887,0.03951126255514628,0.00200041135152181,5.619579801452538e-07,1.0,balanced,none,saga,"{'C': 1.0, 'class_weight': 'balanced', 'penalty': 'none', 'solver': 'saga'}",0.546583850931677,0.5652173913043478,0.51875,0.5435170807453417,0.019093776004930504,53,0.6074766355140186,0.5950155763239875,0.6273291925465838,0.6099404681281967,0.013306522253098927
143,3.3517118295033774,0.34298341292679846,0.0012456576029459636,0.0003454937405358018,1.0,balanced,none,lbfgs,"{'C': 1.0, 'class_weight': 'balanced', 'penalty': 'none', 'solver': 'lbfgs'}",0.5590062111801242,0.5527950310559007,0.5375,0.5497670807453416,0.009037169252350197,32,0.6105919003115264,0.6261682242990654,0.6614906832298136,0.6327502692801352,0.02129419346113474
144,0.0010000069936116536,2.9736021254650284e-07,0.0,0.0,10.0,auto,l1,newton-cg,"{'C': 10.0, 'class_weight': 'auto', 'penalty': 'l1', 'solver': 'newton-cg'}",,,,,,220,,,,,
145,0.0009999275207519531,3.371747880871523e-07,0.0,0.0,10.0,auto,l1,sag,"{'C': 10.0, 'class_weight': 'auto', 'penalty': 'l1', 'solver': 'sag'}",,,,,,219,,,,,
146,0.001999934514363607,2.247831920581015e-07,0.0,0.0,10.0,auto,l1,saga,"{'C': 10.0, 'class_weight': 'auto', 'penalty': 'l1', 'solver': 'saga'}",,,,,,204,,,,,
147,0.0003809928894042969,0.00044153215519640023,0.0,0.0,10.0,auto,l1,lbfgs,"{'C': 10.0, 'class_weight': 'auto', 'penalty': 'l1', 'solver': 'lbfgs'}",,,,,,205,,,,,
148,0.0020002524058024087,3.231507592373063e-05,0.0,0.0,10.0,auto,l2,newton-cg,"{'C': 10.0, 'class_weight': 'auto', 'penalty': 'l2', 'solver': 'newton-cg'}",,,,,,206,,,,,
149,0.0016665458679199219,0.0004718761259665186,0.0,0.0,10.0,auto,l2,sag,"{'C': 10.0, 'class_weight': 'auto', 'penalty': 'l2', 'solver': 'sag'}",,,,,,207,,,,,
150,0.001999537150065104,4.038284942599138e-06,0.0,0.0,10.0,auto,l2,saga,"{'C': 10.0, 'class_weight': 'auto', 'penalty': 'l2', 'solver': 'saga'}",,,,,,208,,,,,
151,0.002000093460083008,1.9466795466607238e-07,0.0,0.0,10.0,auto,l2,lbfgs,"{'C': 10.0, 'class_weight': 'auto', 'penalty': 'l2', 'solver': 'lbfgs'}",,,,,,209,,,,,
152,0.0016663869222005208,0.0004717637343728811,0.0,0.0,10.0,auto,none,newton-cg,"{'C': 10.0, 'class_weight': 'auto', 'penalty': 'none', 'solver': 'newton-cg'}",,,,,,210,,,,,
153,0.001999934514363607,2.9736021254650284e-07,0.0,0.0,10.0,auto,none,sag,"{'C': 10.0, 'class_weight': 'auto', 'penalty': 'none', 'solver': 'sag'}",,,,,,211,,,,,
154,0.001666704813639323,0.00047148278552956437,0.0,0.0,10.0,auto,none,saga,"{'C': 10.0, 'class_weight': 'auto', 'penalty': 'none', 'solver': 'saga'}",,,,,,212,,,,,
155,0.001638491948445638,0.00045237152475061847,0.0,0.0,10.0,auto,none,lbfgs,"{'C': 10.0, 'class_weight': 'auto', 'penalty': 'none', 'solver': 'lbfgs'}",,,,,,213,,,,,
156,0.0009998480478922527,1.3810910540408106e-06,0.0,0.0,10.0,balanced,l1,newton-cg,"{'C': 10.0, 'class_weight': 'balanced', 'penalty': 'l1', 'solver': 'newton-cg'}",,,,,,214,,,,,
157,0.0010001659393310547,1.9466795466607238e-07,0.0,0.0,10.0,balanced,l1,sag,"{'C': 10.0, 'class_weight': 'balanced', 'penalty': 'l1', 'solver': 'sag'}",,,,,,215,,,,,
158,1.506328026453654,0.20702694356724785,0.001997788747151693,2.354865454042602e-06,10.0,balanced,l1,saga,"{'C': 10.0, 'class_weight': 'balanced', 'penalty': 'l1', 'solver': 'saga'}",0.546583850931677,0.5652173913043478,0.51875,0.5435170807453417,0.019093776004930504,53,0.6074766355140186,0.5981308411214953,0.6273291925465838,0.6109788897273659,0.012174707933989597
159,0.0010002454121907551,1.949921313347069e-06,0.0,0.0,10.0,balanced,l1,lbfgs,"{'C': 10.0, 'class_weight': 'balanced', 'penalty': 'l1', 'solver': 'lbfgs'}",,,,,,217,,,,,
160,0.3879993756612142,0.14272096941749984,0.0016335646311442058,0.0004522016471622061,10.0,balanced,l2,newton-cg,"{'C': 10.0, 'class_weight': 'balanced', 'penalty': 'l2', 'solver': 'newton-cg'}",0.5714285714285714,0.5652173913043478,0.53125,0.5559653209109731,0.01765936966472613,23,0.6105919003115264,0.6292834890965732,0.6490683229813664,0.629647904129822,0.0157100471907712
161,1.1288783550262451,0.38589217118154084,0.0013345082600911458,0.00047148278552956437,10.0,balanced,l2,sag,"{'C': 10.0, 'class_weight': 'balanced', 'penalty': 'l2', 'solver': 'sag'}",0.5838509316770186,0.5403726708074534,0.54375,0.5559912008281573,0.019747996359917152,21,0.6074766355140186,0.6105919003115264,0.6490683229813664,0.622378952935637,0.018915039409035512
162,1.1752642790476482,0.07427352161248707,0.0016757647196451824,0.0004563140322579209,10.0,balanced,l2,saga,"{'C': 10.0, 'class_weight': 'balanced', 'penalty': 'l2', 'solver': 'saga'}",0.546583850931677,0.5652173913043478,0.51875,0.5435170807453417,0.019093776004930504,53,0.6074766355140186,0.5950155763239875,0.6273291925465838,0.6099404681281967,0.013306522253098927
163,3.051257848739624,0.30000554356005804,0.0016695658365885417,0.00044677043442531206,10.0,balanced,l2,lbfgs,"{'C': 10.0, 'class_weight': 'balanced', 'penalty': 'l2', 'solver': 'lbfgs'}",0.5652173913043478,0.5590062111801242,0.5375,0.553907867494824,0.011875977894603434,26,0.6105919003115264,0.6292834890965732,0.6521739130434783,0.6306831008171926,0.017004609775713223
164,3.928673585255941,3.084652973844677,0.001288016637166341,0.0005103516001715116,10.0,balanced,none,newton-cg,"{'C': 10.0, 'class_weight': 'balanced', 'penalty': 'none', 'solver': 'newton-cg'}",0.5714285714285714,0.5714285714285714,0.53125,0.5580357142857143,0.018940360210353935,9,0.6074766355140186,0.6292834890965732,0.6490683229813664,0.6286094825306527,0.016986422621877766
165,0.7425782680511475,0.1609361065131657,0.0016507307688395183,0.0004270175629415306,10.0,balanced,none,sag,"{'C': 10.0, 'class_weight': 'balanced', 'penalty': 'none', 'solver': 'sag'}",0.5838509316770186,0.5403726708074534,0.525,0.5497412008281574,0.024922346811311072,42,0.6105919003115264,0.6105919003115264,0.6459627329192547,0.6223821778474359,0.016673970395425917
166,1.2668166160583496,0.001960691029749961,0.002015272776285807,1.4614797444275462e-05,10.0,balanced,none,saga,"{'C': 10.0, 'class_weight': 'balanced', 'penalty': 'none', 'solver': 'saga'}",0.546583850931677,0.5652173913043478,0.51875,0.5435170807453417,0.019093776004930504,53,0.6074766355140186,0.5950155763239875,0.6273291925465838,0.6099404681281967,0.013306522253098927
167,3.027308225631714,0.48099488349097536,0.0013349056243896484,0.0004706985804742708,10.0,balanced,none,lbfgs,"{'C': 10.0, 'class_weight': 'balanced', 'penalty': 'none', 'solver': 'lbfgs'}",0.5590062111801242,0.5527950310559007,0.5375,0.5497670807453416,0.009037169252350197,32,0.6105919003115264,0.6261682242990654,0.6614906832298136,0.6327502692801352,0.02129419346113474
168,0.000667413075764974,0.0005039480877790254,0.0,0.0,100.0,auto,l1,newton-cg,"{'C': 100.0, 'class_weight': 'auto', 'penalty': 'l1', 'solver': 'newton-cg'}",,,,,,111,,,,,
169,0.0,0.0,0.0,0.0,100.0,auto,l1,sag,"{'C': 100.0, 'class_weight': 'auto', 'penalty': 'l1', 'solver': 'sag'}",,,,,,112,,,,,
170,0.0016662279764811199,0.0009441456074592242,0.0,0.0,100.0,auto,l1,saga,"{'C': 100.0, 'class_weight': 'auto', 'penalty': 'l1', 'solver': 'saga'}",,,,,,113,,,,,
171,0.0006666978200276693,0.0004714338745680192,0.0,0.0,100.0,auto,l1,lbfgs,"{'C': 100.0, 'class_weight': 'auto', 'penalty': 'l1', 'solver': 'lbfgs'}",,,,,,114,,,,,
172,0.00196989377339681,2.1782233615856192e-05,0.0,0.0,100.0,auto,l2,newton-cg,"{'C': 100.0, 'class_weight': 'auto', 'penalty': 'l2', 'solver': 'newton-cg'}",,,,,,115,,,,,
173,0.0026769638061523438,0.0004830288627595715,0.0,0.0,100.0,auto,l2,sag,"{'C': 100.0, 'class_weight': 'auto', 'penalty': 'l2', 'solver': 'sag'}",,,,,,117,,,,,
174,0.0026748975118001304,0.00043913847425156174,0.0,0.0,100.0,auto,l2,saga,"{'C': 100.0, 'class_weight': 'auto', 'penalty': 'l2', 'solver': 'saga'}",,,,,,124,,,,,
175,0.0023756027221679688,0.0005290278155694693,0.0,0.0,100.0,auto,l2,lbfgs,"{'C': 100.0, 'class_weight': 'auto', 'penalty': 'l2', 'solver': 'lbfgs'}",,,,,,118,,,,,
176,0.001641670862833659,0.00045551487495064304,0.0,0.0,100.0,auto,none,newton-cg,"{'C': 100.0, 'class_weight': 'auto', 'penalty': 'none', 'solver': 'newton-cg'}",,,,,,119,,,,,
177,0.002001682917277018,4.6449150073377155e-06,0.0,0.0,100.0,auto,none,sag,"{'C': 100.0, 'class_weight': 'auto', 'penalty': 'none', 'solver': 'sag'}",,,,,,120,,,,,
178,0.00203553835550944,4.6199235093846276e-05,0.0,0.0,100.0,auto,none,saga,"{'C': 100.0, 'class_weight': 'auto', 'penalty': 'none', 'solver': 'saga'}",,,,,,121,,,,,
179,0.0025154749552408853,0.0003828874871978736,0.0,0.0,100.0,auto,none,lbfgs,"{'C': 100.0, 'class_weight': 'auto', 'penalty': 'none', 'solver': 'lbfgs'}",,,,,,122,,,,,
180,0.0006774266560872396,0.0004792295416219915,0.0,0.0,100.0,balanced,l1,newton-cg,"{'C': 100.0, 'class_weight': 'balanced', 'penalty': 'l1', 'solver': 'newton-cg'}",,,,,,123,,,,,
181,0.0006365776062011719,0.0004519458376186278,0.0,0.0,100.0,balanced,l1,sag,"{'C': 100.0, 'class_weight': 'balanced', 'penalty': 'l1', 'solver': 'sag'}",,,,,,125,,,,,
182,1.9151808420817058,0.06933191030743192,0.0017893314361572266,0.0003000865716574023,100.0,balanced,l1,saga,"{'C': 100.0, 'class_weight': 'balanced', 'penalty': 'l1', 'solver': 'saga'}",0.546583850931677,0.5652173913043478,0.51875,0.5435170807453417,0.019093776004930504,53,0.6074766355140186,0.5950155763239875,0.6273291925465838,0.6099404681281967,0.013306522253098927
183,0.0010464986165364583,7.034609658124152e-05,0.0,0.0,100.0,balanced,l1,lbfgs,"{'C': 100.0, 'class_weight': 'balanced', 'penalty': 'l1', 'solver': 'lbfgs'}",,,,,,108,,,,,
184,0.6745425860087076,0.36605177227382024,0.0013337135314941406,0.00047339536371966,100.0,balanced,l2,newton-cg,"{'C': 100.0, 'class_weight': 'balanced', 'penalty': 'l2', 'solver': 'newton-cg'}",0.5714285714285714,0.5714285714285714,0.525,0.5559523809523809,0.021886638465297877,24,0.6074766355140186,0.6292834890965732,0.6490683229813664,0.6286094825306527,0.016986422621877766
185,0.9689791997273763,0.17833852186727558,0.0017029444376627605,0.0004404901094427458,100.0,balanced,l2,sag,"{'C': 100.0, 'class_weight': 'balanced', 'penalty': 'l2', 'solver': 'sag'}",0.5838509316770186,0.5403726708074534,0.53125,0.5518245341614907,0.022950285169357574,29,0.6105919003115264,0.6105919003115264,0.639751552795031,0.6203117844726946,0.013745992005419505
186,1.2091515064239502,0.021938298215182405,0.001676797866821289,0.00045721004870322754,100.0,balanced,l2,saga,"{'C': 100.0, 'class_weight': 'balanced', 'penalty': 'l2', 'solver': 'saga'}",0.546583850931677,0.5652173913043478,0.51875,0.5435170807453417,0.019093776004930504,53,0.6074766355140186,0.5950155763239875,0.6273291925465838,0.6099404681281967,0.013306522253098927
187,3.051053285598755,0.7100160956187718,0.0019998550415039062,2.167730601149536e-06,100.0,balanced,l2,lbfgs,"{'C': 100.0, 'class_weight': 'balanced', 'penalty': 'l2', 'solver': 'lbfgs'}",0.5714285714285714,0.5714285714285714,0.525,0.5559523809523809,0.021886638465297877,24,0.6043613707165109,0.6261682242990654,0.65527950310559,0.6286030327070554,0.02085841589519943
188,3.9838855266571045,3.2332570097667794,0.001619259516398112,0.00044105286302334186,100.0,balanced,none,newton-cg,"{'C': 100.0, 'class_weight': 'balanced', 'penalty': 'none', 'solver': 'newton-cg'}",0.5714285714285714,0.5714285714285714,0.53125,0.5580357142857143,0.018940360210353935,9,0.6074766355140186,0.6292834890965732,0.6490683229813664,0.6286094825306527,0.016986422621877766
189,1.040061632792155,0.2677136057545057,0.001649777094523112,0.0005937753750044949,100.0,balanced,none,sag,"{'C': 100.0, 'class_weight': 'balanced', 'penalty': 'none', 'solver': 'sag'}",0.5838509316770186,0.5403726708074534,0.55,0.5580745341614907,0.018645613755953448,7,0.6105919003115264,0.6105919003115264,0.6366459627329193,0.619276587785324,0.012282002810416325
190,1.2899901866912842,0.10048770868017244,0.002030611038208008,4.970250690322942e-05,100.0,balanced,none,saga,"{'C': 100.0, 'class_weight': 'balanced', 'penalty': 'none', 'solver': 'saga'}",0.546583850931677,0.5652173913043478,0.51875,0.5435170807453417,0.019093776004930504,53,0.6074766355140186,0.5950155763239875,0.6273291925465838,0.6099404681281967,0.013306522253098927
191,3.0424954096476235,0.15968073250847925,0.0015820662180582683,0.0006129019487513531,100.0,balanced,none,lbfgs,"{'C': 100.0, 'class_weight': 'balanced', 'penalty': 'none', 'solver': 'lbfgs'}",0.5590062111801242,0.5527950310559007,0.5375,0.5497670807453416,0.009037169252350197,32,0.6105919003115264,0.6261682242990654,0.6614906832298136,0.6327502692801352,0.02129419346113474
192,0.0,0.0,0.0,0.0,1000.0,auto,l1,newton-cg,"{'C': 1000.0, 'class_weight': 'auto', 'penalty': 'l1', 'solver': 'newton-cg'}",,,,,,106,,,,,
193,0.00014026959737141928,0.00019837116699127457,0.0,0.0,1000.0,auto,l1,sag,"{'C': 1000.0, 'class_weight': 'auto', 'penalty': 'l1', 'solver': 'sag'}",,,,,,100,,,,,
194,0.0018856525421142578,0.0006815639801566654,0.0,0.0,1000.0,auto,l1,saga,"{'C': 1000.0, 'class_weight': 'auto', 'penalty': 'l1', 'solver': 'saga'}",,,,,,101,,,,,
195,0.0,0.0,0.0,0.0,1000.0,auto,l1,lbfgs,"{'C': 1000.0, 'class_weight': 'auto', 'penalty': 'l1', 'solver': 'lbfgs'}",,,,,,102,,,,,
196,0.0018556912740071614,0.00011836713442794337,0.0,0.0,1000.0,auto,l2,newton-cg,"{'C': 1000.0, 'class_weight': 'auto', 'penalty': 'l2', 'solver': 'newton-cg'}",,,,,,103,,,,,
197,0.0013114611307779949,0.00037433621856855417,0.0,0.0,1000.0,auto,l2,sag,"{'C': 1000.0, 'class_weight': 'auto', 'penalty': 'l2', 'solver': 'sag'}",,,,,,104,,,,,
198,0.0018479029337565105,0.0006385812270560539,0.0,0.0,1000.0,auto,l2,saga,"{'C': 1000.0, 'class_weight': 'auto', 'penalty': 'l2', 'solver': 'saga'}",,,,,,105,,,,,
199,0.0016738573710123699,0.0003199520085304786,0.0,0.0,1000.0,auto,l2,lbfgs,"{'C': 1000.0, 'class_weight': 'auto', 'penalty': 'l2', 'solver': 'lbfgs'}",,,,,,109,,,,,
200,0.0019085407257080078,0.00010541930301325812,0.0,0.0,1000.0,auto,none,newton-cg,"{'C': 1000.0, 'class_weight': 'auto', 'penalty': 'none', 'solver': 'newton-cg'}",,,,,,144,,,,,
201,0.002039670944213867,5.7677917273619566e-05,0.0,0.0,1000.0,auto,none,sag,"{'C': 1000.0, 'class_weight': 'auto', 'penalty': 'none', 'solver': 'sag'}",,,,,,163,,,,,
202,0.0019981066385904946,2.6572948292574067e-06,0.0,0.0,1000.0,auto,none,saga,"{'C': 1000.0, 'class_weight': 'auto', 'penalty': 'none', 'solver': 'saga'}",,,,,,127,,,,,
203,0.0020035107930501304,3.265164468157154e-06,0.0,0.0,1000.0,auto,none,lbfgs,"{'C': 1000.0, 'class_weight': 'auto', 'penalty': 'none', 'solver': 'lbfgs'}",,,,,,147,,,,,
204,0.00015528996785481772,0.00021961317864076514,0.0,0.0,1000.0,balanced,l1,newton-cg,"{'C': 1000.0, 'class_weight': 'balanced', 'penalty': 'l1', 'solver': 'newton-cg'}",,,,,,148,,,,,
205,0.0006653467814127604,0.00047047186536280895,0.0,0.0,1000.0,balanced,l1,sag,"{'C': 1000.0, 'class_weight': 'balanced', 'penalty': 'l1', 'solver': 'sag'}",,,,,,149,,,,,
206,1.8399782180786133,0.1679244639701349,0.00233308474222819,0.000473796381104761,1000.0,balanced,l1,saga,"{'C': 1000.0, 'class_weight': 'balanced', 'penalty': 'l1', 'solver': 'saga'}",0.546583850931677,0.5652173913043478,0.51875,0.5435170807453417,0.019093776004930504,53,0.6074766355140186,0.5950155763239875,0.6273291925465838,0.6099404681281967,0.013306522253098927
207,0.0,0.0,0.0,0.0,1000.0,balanced,l1,lbfgs,"{'C': 1000.0, 'class_weight': 'balanced', 'penalty': 'l1', 'solver': 'lbfgs'}",,,,,,151,,,,,
208,1.2027002175649006,1.033301001367055,0.001667340596516927,0.000942010408516738,1000.0,balanced,l2,newton-cg,"{'C': 1000.0, 'class_weight': 'balanced', 'penalty': 'l2', 'solver': 'newton-cg'}",0.5714285714285714,0.5714285714285714,0.53125,0.5580357142857143,0.018940360210353935,9,0.6074766355140186,0.6292834890965732,0.6490683229813664,0.6286094825306527,0.016986422621877766
209,0.8613210519154867,0.12243566580066664,0.0013359387715657551,0.00047036847052123285,1000.0,balanced,l2,sag,"{'C': 1000.0, 'class_weight': 'balanced', 'penalty': 'l2', 'solver': 'sag'}",0.5838509316770186,0.5403726708074534,0.525,0.5497412008281574,0.024922346811311072,42,0.6105919003115264,0.6105919003115264,0.6459627329192547,0.6223821778474359,0.016673970395425917
210,0.9118963877360026,0.027130299587957107,0.0019072691599527996,0.00010560020341615766,1000.0,balanced,l2,saga,"{'C': 1000.0, 'class_weight': 'balanced', 'penalty': 'l2', 'solver': 'saga'}",0.546583850931677,0.5652173913043478,0.51875,0.5435170807453417,0.019093776004930504,53,0.6074766355140186,0.5950155763239875,0.6273291925465838,0.6099404681281967,0.013306522253098927
211,3.5697383085886636,0.22435256227745598,0.001845995585123698,0.00021556708118371934,1000.0,balanced,l2,lbfgs,"{'C': 1000.0, 'class_weight': 'balanced', 'penalty': 'l2', 'solver': 'lbfgs'}",0.5652173913043478,0.5590062111801242,0.525,0.5497412008281573,0.017677480089052972,48,0.616822429906542,0.6261682242990654,0.6521739130434783,0.6317215224163618,0.01495685305537117
212,4.181229591369629,2.952665633654596,0.0016491413116455078,0.00043735733591712564,1000.0,balanced,none,newton-cg,"{'C': 1000.0, 'class_weight': 'balanced', 'penalty': 'none', 'solver': 'newton-cg'}",0.5714285714285714,0.5714285714285714,0.53125,0.5580357142857143,0.018940360210353935,9,0.6074766355140186,0.6292834890965732,0.6490683229813664,0.6286094825306527,0.016986422621877766
213,0.8760341008504232,0.030007839378628474,0.0019692579905192056,4.394554521504938e-05,1000.0,balanced,none,sag,"{'C': 1000.0, 'class_weight': 'balanced', 'penalty': 'none', 'solver': 'sag'}",0.5838509316770186,0.5403726708074534,0.525,0.5497412008281574,0.024922346811311072,42,0.6105919003115264,0.6105919003115264,0.6428571428571429,0.6213469811600653,0.015209981200422738
214,1.1933302879333496,0.01912174196152979,0.001645485560099284,0.0004575878181924642,1000.0,balanced,none,saga,"{'C': 1000.0, 'class_weight': 'balanced', 'penalty': 'none', 'solver': 'saga'}",0.546583850931677,0.5652173913043478,0.51875,0.5435170807453417,0.019093776004930504,53,0.6074766355140186,0.5950155763239875,0.6273291925465838,0.6099404681281967,0.013306522253098927
215,3.124954620997111,0.47296075811076277,0.0013349056243896484,0.0004695195345306413,1000.0,balanced,none,lbfgs,"{'C': 1000.0, 'class_weight': 'balanced', 'penalty': 'none', 'solver': 'lbfgs'}",0.5590062111801242,0.5527950310559007,0.5375,0.5497670807453416,0.009037169252350197,32,0.6105919003115264,0.6261682242990654,0.6614906832298136,0.6327502692801352,0.02129419346113474
216,0.0009601910909016927,5.535363123516565e-05,0.0,0.0,10000.0,auto,l1,newton-cg,"{'C': 10000.0, 'class_weight': 'auto', 'penalty': 'l1', 'solver': 'newton-cg'}",,,,,,160,,,,,
217,0.0,0.0,0.0,0.0,10000.0,auto,l1,sag,"{'C': 10000.0, 'class_weight': 'auto', 'penalty': 'l1', 'solver': 'sag'}",,,,,,161,,,,,
218,0.0016663869222005208,0.0004727764610490205,0.0,0.0,10000.0,auto,l1,saga,"{'C': 10000.0, 'class_weight': 'auto', 'penalty': 'l1', 'solver': 'saga'}",,,,,,146,,,,,
219,3.09149424235026e-05,4.3720330855300745e-05,0.0,0.0,10000.0,auto,l1,lbfgs,"{'C': 10000.0, 'class_weight': 'auto', 'penalty': 'l1', 'solver': 'lbfgs'}",,,,,,162,,,,,
220,0.001663525899251302,0.0004766529177663874,0.0,0.0,10000.0,auto,l2,newton-cg,"{'C': 10000.0, 'class_weight': 'auto', 'penalty': 'l2', 'solver': 'newton-cg'}",,,,,,145,,,,,
221,0.0016671816507975261,0.0004736755915159603,0.0,0.0,10000.0,auto,l2,sag,"{'C': 10000.0, 'class_weight': 'auto', 'penalty': 'l2', 'solver': 'sag'}",,,,,,143,,,,,
222,0.0016768773396809895,0.0004769667740664112,0.0,0.0,10000.0,auto,l2,saga,"{'C': 10000.0, 'class_weight': 'auto', 'penalty': 'l2', 'solver': 'saga'}",,,,,,128,,,,,
223,0.0017070770263671875,0.0005020824698596031,0.0,0.0,10000.0,auto,l2,lbfgs,"{'C': 10000.0, 'class_weight': 'auto', 'penalty': 'l2', 'solver': 'lbfgs'}",,,,,,129,,,,,
224,0.002002159754435221,3.8262695049319976e-06,0.0,0.0,10000.0,auto,none,newton-cg,"{'C': 10000.0, 'class_weight': 'auto', 'penalty': 'none', 'solver': 'newton-cg'}",,,,,,130,,,,,
225,0.001989603042602539,1.5004593773287353e-05,0.0,0.0,10000.0,auto,none,sag,"{'C': 10000.0, 'class_weight': 'auto', 'penalty': 'none', 'solver': 'sag'}",,,,,,131,,,,,
226,0.0029366016387939453,0.00073900006789048,0.0,0.0,10000.0,auto,none,saga,"{'C': 10000.0, 'class_weight': 'auto', 'penalty': 'none', 'solver': 'saga'}",,,,,,132,,,,,
227,0.001994530359903971,0.0008103141086421888,0.0,0.0,10000.0,auto,none,lbfgs,"{'C': 10000.0, 'class_weight': 'auto', 'penalty': 'none', 'solver': 'lbfgs'}",,,,,,133,,,,,
228,0.000333706537882487,0.0004719323117259841,0.0,0.0,10000.0,balanced,l1,newton-cg,"{'C': 10000.0, 'class_weight': 'balanced', 'penalty': 'l1', 'solver': 'newton-cg'}",,,,,,134,,,,,
229,0.0,0.0,0.0,0.0,10000.0,balanced,l1,sag,"{'C': 10000.0, 'class_weight': 'balanced', 'penalty': 'l1', 'solver': 'sag'}",,,,,,135,,,,,
230,1.9536120096842449,0.10829244634101722,0.0016832351684570312,0.0004621652987704869,10000.0,balanced,l1,saga,"{'C': 10000.0, 'class_weight': 'balanced', 'penalty': 'l1', 'solver': 'saga'}",0.546583850931677,0.5652173913043478,0.51875,0.5435170807453417,0.019093776004930504,53,0.6074766355140186,0.5950155763239875,0.6273291925465838,0.6099404681281967,0.013306522253098927
231,0.0006757577260335287,0.0004779463556342828,0.0,0.0,10000.0,balanced,l1,lbfgs,"{'C': 10000.0, 'class_weight': 'balanced', 'penalty': 'l1', 'solver': 'lbfgs'}",,,,,,137,,,,,
232,2.439389944076538,2.0923543288939266,0.0028221607208251953,0.0007420720728302547,10000.0,balanced,l2,newton-cg,"{'C': 10000.0, 'class_weight': 'balanced', 'penalty': 'l2', 'solver': 'newton-cg'}",0.5714285714285714,0.5714285714285714,0.53125,0.5580357142857143,0.018940360210353935,9,0.6074766355140186,0.6292834890965732,0.6490683229813664,0.6286094825306527,0.016986422621877766
233,0.9153139591217041,0.1303459049247042,0.0020003318786621094,0.0008147831602867624,10000.0,balanced,l2,sag,"{'C': 10000.0, 'class_weight': 'balanced', 'penalty': 'l2', 'solver': 'sag'}",0.5838509316770186,0.5403726708074534,0.525,0.5497412008281574,0.024922346811311072,42,0.6105919003115264,0.6105919003115264,0.6459627329192547,0.6223821778474359,0.016673970395425917
234,1.1990034580230713,0.1280296436168782,0.0013506412506103516,0.00043599742302776026,10000.0,balanced,l2,saga,"{'C': 10000.0, 'class_weight': 'balanced', 'penalty': 'l2', 'solver': 'saga'}",0.546583850931677,0.5652173913043478,0.51875,0.5435170807453417,0.019093776004930504,53,0.6074766355140186,0.5950155763239875,0.6273291925465838,0.6099404681281967,0.013306522253098927
235,3.2197791735331216,0.37232384839838245,0.0017685095469156902,0.00032447506329365185,10000.0,balanced,l2,lbfgs,"{'C': 10000.0, 'class_weight': 'balanced', 'penalty': 'l2', 'solver': 'lbfgs'}",0.5590062111801242,0.5590062111801242,0.5375,0.5518374741200828,0.010138125175397172,28,0.6105919003115264,0.6261682242990654,0.6521739130434783,0.6296446792180234,0.017152847184703994
236,3.8412047227223716,3.1484609605636757,0.001001914342244466,1.5120742790254314e-06,10000.0,balanced,none,newton-cg,"{'C': 10000.0, 'class_weight': 'balanced', 'penalty': 'none', 'solver': 'newton-cg'}",0.5714285714285714,0.5714285714285714,0.53125,0.5580357142857143,0.018940360210353935,9,0.6074766355140186,0.6292834890965732,0.6490683229813664,0.6286094825306527,0.016986422621877766
237,0.8634806474049886,0.04471293507853503,0.0013306140899658203,0.00047441786727233764,10000.0,balanced,none,sag,"{'C': 10000.0, 'class_weight': 'balanced', 'penalty': 'none', 'solver': 'sag'}",0.5838509316770186,0.5403726708074534,0.525,0.5497412008281574,0.024922346811311072,42,0.6105919003115264,0.6105919003115264,0.6459627329192547,0.6223821778474359,0.016673970395425917
238,1.2276548544565837,0.08116898300215433,0.0016681353251139324,0.0004703055444215425,10000.0,balanced,none,saga,"{'C': 10000.0, 'class_weight': 'balanced', 'penalty': 'none', 'solver': 'saga'}",0.546583850931677,0.5652173913043478,0.51875,0.5435170807453417,0.019093776004930504,53,0.6074766355140186,0.5950155763239875,0.6273291925465838,0.6099404681281967,0.013306522253098927
239,3.1324803829193115,0.2918456196982768,0.001310110092163086,0.00043597434593857813,10000.0,balanced,none,lbfgs,"{'C': 10000.0, 'class_weight': 'balanced', 'penalty': 'none', 'solver': 'lbfgs'}",0.5590062111801242,0.5527950310559007,0.5375,0.5497670807453416,0.009037169252350197,32,0.6105919003115264,0.6261682242990654,0.6614906832298136,0.6327502692801352,0.02129419346113474
